Group,negativity,positivity,agreement,vulgarity
Sports,0.08935244212394965,0.1402034053229177,0.899411,0.08454813438862865
Video Games,0.07925485088503183,0.1495312922383245,0.856568,0.06814889007942979
Music,0.07161126206297169,0.1599555129213484,0.915300,0.10427066001109263
Politics,0.10301032623353937,0.11231645552114702,0.843408,0.12985776883844552
